customer_id,name,email,phone,city,created_at
1,Kenneth Gonzalez,wtodd@example.com,+1-737-356-8934,Lake Karen,2024-11-14T05:23:22
2,Sandra Delgado,michellekrause@example.com,+1-767-512-5655x3566,Perezton,2024-11-13T00:21:19
3,Alec Grimes,kelsey96@example.net,759-933-7523,West Paul,2025-06-19T13:34:41
4,Michael Marquez,gabriellatate@example.org,639-511-2027x35313,Guzmanfort,2024-08-03T01:14:24
5,Mary Perry,turnerjoshua@example.net,+1-848-317-3362x83550,East Brianberg,2024-12-25T20:42:42
6,Mark Bradshaw,joelsilva@example.net,(221)329-1989,New Holly,2025-08-20T10:06:16
7,Allen Brown,bethnewman@example.com,(975)847-7369,East Ethan,2023-11-15T10:55:12
8,Christopher Gibson,wilsonemily@example.org,001-786-603-9787x80650,East Cassandra,2024-09-19T03:39:22
9,Sarah Jones,gregorycallahan@example.com,372-757-6795x201,Fieldsburgh,2024-02-06T14:01:26
10,Amy Graham,patrickpamela@example.com,315.889.2399,New Janiceview,2024-12-11T13:12:51
11,Pamela Ayers,gonzalezamanda@example.com,892.638.4495x716,Walterbury,2024-10-17T05:18:10
12,Renee Perez,sberry@example.net,+1-437-380-4634x68254,South Catherine,2024-05-17T23:37:30
13,Joseph Rodgers,sydneypruitt@example.com,(609)261-2169x531,Emilyhaven,2024-07-02T12:48:09
14,Rebecca Jackson,emckenzie@example.com,519-442-6913,Debraberg,2024-04-10T04:38:39
15,Rhonda Mcdaniel,matthewmurphy@example.net,483-809-4629x42843,East Lisa,2025-08-10T17:37:50
16,Dawn Little,riggsamanda@example.org,424.857.5479x7804,Littlehaven,2025-04-22T10:25:48
17,Christopher Romero,james77@example.com,+1-502-716-0411x773,Tracyshire,2024-11-26T18:33:31
18,Megan Fernandez,kylemurillo@example.com,702-798-8455x20509,East Savannah,2023-12-28T11:46:25
19,Anthony Moore,zlittle@example.org,(732)225-0756x31597,Espinozamouth,2025-08-02T15:49:19
20,Brian Carney,zsimpson@example.com,730.978.1415x851,Heathview,2024-04-20T08:41:38
21,Roger Mason,rachel03@example.net,001-562-523-0040x152,Kimberlyberg,2025-03-28T14:29:32
22,Danielle Mccullough,christopher58@example.org,554-209-8867,Port Mikayla,2025-08-23T03:59:49
23,Julia Mckee,samuel23@example.com,491-971-1301,Lake James,2024-06-08T23:41:07
24,Tiffany Carpenter,wblake@example.com,842.435.3270x24636,Bennettshire,2024-11-14T22:23:14
25,Devin Green,markmccoy@example.com,957-319-3282,Marshallshire,2025-03-23T20:01:53
26,Jeffrey Villanueva,sarah59@example.net,723.296.0878,Juliaburgh,2025-02-01T15:17:50
27,Laura Hall,yfry@example.com,(681)978-4509x373,Palmerland,2025-05-04T03:31:38
28,Mr. Elijah Shaw,kristen23@example.org,+1-680-897-3221,Port Amanda,2024-03-07T06:36:55
29,Molly Hopkins,travis27@example.org,001-467-518-0064x23019,Port Kristinville,2024-07-13T20:42:33
30,Nathaniel Grant,melissakane@example.net,773.773.0456x40187,Sosaborough,2024-02-02T15:26:35
31,Dustin Franco,royemily@example.org,+1-558-236-2532x612,Tinashire,2024-11-01T23:27:28
32,Kathleen Wade,dlester@example.net,5433579309,South Jon,2025-04-28T17:51:29
33,Yvonne Schultz,brian07@example.net,(756)961-1259x42918,North Oscar,2024-11-23T20:54:35
34,Jade Brown,patriciarichard@example.com,+1-713-234-2407x566,West Blaketon,2024-04-04T08:18:58
35,Colin Allen,gwhite@example.org,001-211-201-7094x4699,East Ashleychester,2025-09-22T17:41:10
36,Greg Miller,simmonskimberly@example.org,+1-419-568-9077x71668,Thompsonshire,2024-01-09T17:53:19
37,Daniel Phillips,phillip07@example.com,001-209-497-0045x2537,Heatherhaven,2024-03-10T08:50:40
38,Debra Spears,oclark@example.com,001-900-816-9006x3246,Brettmouth,2024-04-17T07:11:26
39,Linda Carlson,briana76@example.org,001-620-965-1585x64691,Port Michaelchester,2023-12-18T02:03:00
40,Ralph Murray,cbrown@example.com,001-395-273-0111x05583,North Jessicaville,2024-11-27T04:46:40
41,Kenneth Lee,stephanie40@example.net,(271)986-7553x76171,South Andrewburgh,2025-07-07T03:41:25
42,Stacey Thompson,howardjesse@example.net,(901)870-6055x6453,North Laura,2025-04-21T19:39:33
43,Lindsey English,zachary57@example.net,001-686-898-4321x860,North Sharonmouth,2025-04-11T09:20:16
44,Laura Bishop,susan21@example.com,937-805-8895,Port Michael,2023-12-18T16:12:37
45,Lucas James,rebekah16@example.org,001-753-735-5329x273,Lake Julia,2025-08-15T13:33:41
46,Willie Bell,ronaldrivera@example.com,287.760.2307x5924,Rebekahburgh,2023-11-23T00:13:01
47,Mark Bush,paulapearson@example.net,9193111557,Kevinchester,2024-04-03T06:56:16
48,Amanda Wagner,matthewslisa@example.net,+1-350-832-1126,Heiditon,2024-10-18T15:58:01
49,Brad Clay,heather41@example.net,9199104120,New Corey,2024-02-05T17:42:54
50,Cynthia Hernandez,rodriguezjoshua@example.net,001-969-394-1805x31481,Christensenport,2024-08-20T21:19:24
51,Brenda Patel DVM,owensjoseph@example.com,295.969.0824,South Christine,2025-04-18T14:49:33
52,Karen Thomas,petersonjoseph@example.org,281.336.5860,Bryanview,2024-11-05T04:22:43
53,Brittany Whitehead,kim39@example.com,+1-306-929-1308x23624,Joshuamouth,2024-08-10T11:05:56
54,Kaitlyn Barnes,jamesdouglas@example.com,+1-649-401-1997x1698,North Ricardoville,2024-04-28T09:41:48
55,Jason Shah,martingarcia@example.com,+1-535-672-2605,Anthonyfort,2025-02-08T05:58:06
56,Anthony Mcdowell,cclark@example.org,(620)202-6192,Melissastad,2024-06-08T17:32:04
57,Krystal Medina,emily69@example.com,469-998-8517,Wallacetown,2024-12-14T01:39:58
58,Charles Blake,garnertroy@example.org,(302)555-0987x2292,Port Brian,2025-02-15T01:35:37
59,Thomas Wells,patrick41@example.net,001-669-288-7138x52691,New Brandon,2025-03-26T17:30:17
60,Ashley Mccann,fernandezmeredith@example.net,224.346.2453,Lake Robertshire,2024-10-31T17:50:40
61,James Walsh,garyriddle@example.com,+1-212-874-9341x8905,South Lance,2025-01-24T13:04:13
62,Richard Ponce,darren93@example.net,577.829.4517x69129,Frostville,2025-07-12T03:27:41
63,Carolyn Gray,keith17@example.org,+1-394-731-3708x76047,East William,2024-02-26T18:33:22
64,Angela Perkins,rwilliams@example.org,443.605.6116x954,Foxville,2024-04-07T03:21:28
65,James Hernandez,ehayden@example.com,+1-434-212-9889,Lake Margaret,2024-10-11T05:05:20
66,Eddie Garrison,fgrimes@example.net,001-201-951-5835x2039,Smithtown,2025-07-13T04:22:13
67,Elizabeth Foster,davidsonbrittney@example.org,001-837-906-1282x82961,Walterschester,2024-08-12T00:36:47
68,Andrew Fritz,sara85@example.com,(605)614-7687x73092,Harrisside,2025-08-24T03:24:02
69,Ryan Brown,rhonda68@example.org,001-276-689-5018x810,Johnland,2023-11-22T08:57:18
70,Jenna Stanley,joanna31@example.com,+1-358-967-6114,Stephenburgh,2023-11-21T02:52:33
71,James Jones,diane26@example.org,3715886544,Lake Steventown,2024-04-05T10:23:09
72,Ashley Chase,steven67@example.com,+1-909-522-6993,North Karen,2025-01-08T01:12:13
73,Karen Williams,kgonzales@example.net,678.381.5271,Kanebury,2024-01-16T18:59:22
74,Stacey Jones,david66@example.org,708.856.1726x2968,West Alfredborough,2024-07-18T14:39:16
75,Peter Davenport,carolyn02@example.org,554.607.9769x699,New James,2024-10-24T04:46:52
76,Linda Chambers,thomashumphrey@example.org,963-228-1021x445,Margaretville,2024-12-30T01:13:00
77,Dawn Hill,dominiquecalderon@example.com,+1-915-491-3390x484,Wallsmouth,2024-05-03T17:49:42
78,William Dyer,charles33@example.org,(944)486-8359x9949,New Thomashaven,2025-03-11T20:14:56
79,Judy Johnson,jonespeter@example.net,765.904.5120x93522,Jasonbury,2025-07-20T15:56:39
80,Pamela Stewart,allenbarry@example.org,777-565-2781x33773,East Steven,2024-11-02T19:02:41
81,Brittney Combs,mfisher@example.org,001-877-729-5806x46642,Rebeccafurt,2025-09-17T01:53:18
82,Jackie Leon,fwilliamson@example.net,623.402.8310x5058,New Jaymouth,2024-04-06T22:57:09
83,Jeffrey Li,egarcia@example.org,+1-672-382-4322x629,Daltonfort,2025-07-02T03:31:25
84,Adam Johnson,caitlinroberson@example.org,532.702.8035,New Cody,2025-06-30T04:56:00
85,Michele Gilmore,roy66@example.com,470-258-1978,East Stephanie,2025-01-04T04:16:53
86,Christopher Salazar,justin75@example.net,001-439-789-3580x851,West Mariahtown,2025-01-07T14:32:02
87,Robert Jones,mary21@example.org,001-353-312-6286x844,Lake Lisa,2025-01-05T01:02:37
88,Joshua Thomas,ogardner@example.com,2566991269,Baxterburgh,2025-04-22T04:49:43
89,Christopher Benson,thomasjohn@example.org,001-359-663-8580x330,Riveraberg,2025-04-08T15:59:55
90,Jason Hall,garciamegan@example.net,(426)881-5105x08114,Jonathanstad,2025-02-13T04:52:27
91,Marcia Adams,troth@example.org,+1-438-584-3834x473,Port Heatherbury,2025-07-29T10:36:25
92,Mark Tapia,sherrithomas@example.org,(734)609-6677x462,Andrewport,2024-05-22T02:51:23
93,Jamie Steele,littlewayne@example.com,709.488.4518,New Timothy,2024-03-31T07:29:39
94,Amber Hart,jorgecollins@example.org,4497837700,Markbury,2024-03-02T21:00:25
95,Carolyn Powell,fmcguire@example.org,001-513-978-4312x319,New Douglas,2025-01-03T10:14:20
96,Timothy Jones,walkercraig@example.com,(358)709-9013x54840,New Andrewside,2023-12-23T22:52:09
97,Dr. Justin Weaver,hendricksjudith@example.net,254-491-9763,South Anthonychester,2023-11-29T13:35:19
98,Brittany Lopez,mcguirecesar@example.org,(386)724-5515,Randallbury,2025-10-02T07:35:03
99,Ryan Anderson,nicole32@example.org,+1-780-718-4722x7413,Johnsonport,2024-03-02T12:00:50
100,Kimberly Rodriguez,wdawson@example.net,686.427.1170,Andersonberg,2024-02-14T05:30:35
101,William Frye,ismith@example.com,+1-559-202-1902x384,Port Matthew,2024-08-07T01:11:38
102,Stephanie Bailey,whitemonica@example.org,(264)483-0227x42095,Davidmouth,2025-09-08T05:06:00
103,Claudia Williams,tranteresa@example.net,(497)254-4783x76840,Beltranburgh,2024-12-26T12:03:48
104,Janet Wells,jeremy39@example.net,+1-893-726-6834x1100,North Karenhaven,2025-10-01T20:32:37
105,John Watson,abeltran@example.com,+1-720-737-3433x464,Victoriafort,2024-09-25T08:42:03
106,Beth Orr,qrogers@example.net,914.250.8293x114,Lake Anna,2024-02-16T17:21:43
107,Robert Berry,zchapman@example.com,398-386-8927x83767,South Susan,2024-07-09T15:36:07
108,Tracy Lee,wwest@example.net,953-223-4046x74058,East Beth,2025-07-23T08:32:59
109,Victoria Harris,fosterstephanie@example.org,258.437.0602x335,Port Cynthia,2025-08-27T21:24:26
110,Robert Joseph,powellpenny@example.com,001-242-418-9782x85361,Port Edwardbury,2025-01-09T23:48:49
111,Joseph Jones,fosterlucas@example.net,937-331-7116x762,Mitchellborough,2024-02-26T08:33:33
112,Stephen Herrera,james45@example.com,237-743-9913x8759,Annetteshire,2025-07-13T04:02:57
113,Amanda Howell,stephanietaylor@example.org,(212)266-3372x9498,South Sabrina,2024-03-25T04:38:24
114,Jeffrey Johnson,emily59@example.net,(466)934-2735,Barberhaven,2025-04-25T18:02:47
115,Andrea Jones,rachelthompson@example.com,+1-399-235-0176x9038,Holtfort,2024-08-30T15:22:28
116,Stephanie Harmon,juan33@example.org,001-951-347-8502x140,Lake Holly,2024-06-18T15:34:22
117,Joshua Ortiz,brendacox@example.com,820-260-5258x77128,Jordanview,2025-03-30T10:32:16
118,Amy Aguirre,joeljordan@example.com,308.944.8225,Johnfort,2025-01-03T20:56:29
119,Brandy Hill,mikayla79@example.org,(833)558-0192x426,Jennafurt,2025-06-13T22:05:16
120,Kristen Meyer,ortegajohnny@example.net,200.224.2684x2790,South Bruceborough,2025-05-11T07:33:28
121,Michael Torres,zgardner@example.net,(676)786-8568x3058,Tiffanyville,2024-12-13T07:13:58
122,Stephen Norris,denise57@example.net,271.567.4275x962,Lake Thomasmouth,2024-02-24T05:30:49
123,Kristin Scott,ebaker@example.com,+1-392-803-1026x86672,South Christopher,2024-04-11T03:45:41
124,Karen Bates,otownsend@example.net,+1-318-212-7027x066,Martinmouth,2025-05-14T00:45:00
125,Morgan Hill,matthew31@example.com,812-201-2431,Richardtown,2025-02-27T15:39:57
126,Vanessa Phillips,curryelaine@example.net,308.888.9514x2005,Lake Douglas,2023-11-30T10:18:36
127,Tina Farmer,jonathan80@example.net,330.661.3659x483,South Frankberg,2023-11-26T13:38:34
128,Jill Benson,smithfelicia@example.net,896.849.4070x52593,East Barbara,2025-03-03T02:59:04
129,Ashley George,lance37@example.com,5398349761,South Teresa,2025-07-14T03:33:04
130,Chris Hill,qharris@example.com,689-531-3061x243,Ryanfurt,2024-12-26T10:50:49
131,Jason Houston,hensleyedward@example.com,(514)735-4772x6636,South Jamesville,2025-05-26T10:52:56
132,Dr. Alicia Stuart,rwilliams@example.net,886.264.8263x7269,Matthewmouth,2025-02-13T15:34:01
133,Latoya Robinson,mjackson@example.com,924-322-0134x3132,West Jeffrey,2024-09-05T04:58:02
134,Cameron Velez,melissa41@example.com,653-821-2254x80699,New Timothybury,2024-03-10T02:42:12
135,Tracey Rodriguez,cassiegarcia@example.com,(865)507-8412x261,Collinsbury,2025-03-14T10:29:05
136,Cameron Kidd,noahkennedy@example.net,001-413-316-7812x6119,Martinmouth,2025-07-19T21:44:43
137,Levi Torres,tbyrd@example.com,947-487-0985x22949,East Michaelville,2025-04-14T19:34:04
138,Richard Peterson,crawfordlisa@example.org,773-621-9926,West Edwardland,2025-02-06T12:27:14
139,Sarah Collins,adamwilson@example.org,222-688-9388x1701,Alexismouth,2025-05-15T16:58:41
140,Cameron Kelly,marcroberts@example.org,(282)527-6441,Parksshire,2025-05-08T08:02:55
141,Joseph Flynn,sjackson@example.org,702.514.2487x498,West Stephen,2025-04-27T15:26:33
142,Kirsten Cook,cynthiagarcia@example.org,4527787002,Lake Tarafort,2025-04-15T00:35:54
143,Mikayla Wilson,tracy01@example.com,(676)677-5294x3103,Danielshire,2025-10-06T16:39:39
144,Connie Phillips,robertlogan@example.org,+1-474-973-5252,New Franciscotown,2024-10-30T10:31:26
145,Kelly Townsend,pblackwell@example.net,(761)820-6779x378,Hatfieldchester,2024-04-29T04:52:11
146,Leslie Jackson,robertbridges@example.com,461-952-3955,Yorkborough,2025-11-10T14:45:28
147,Monique Lambert,susan13@example.com,001-483-868-2598x914,Colemantown,2024-03-12T00:37:55
148,Michael Porter,stevenzamora@example.net,001-743-787-5048x19770,North Jerryview,2025-04-29T01:37:31
149,Amy Hughes,oconnorrenee@example.com,(356)853-5051,Ellenmouth,2024-01-20T03:48:13
150,Maria Jones,carol13@example.com,376.435.9931x5319,Huffmanfort,2025-07-28T00:31:47
151,Antonio Williams,woodwardcindy@example.net,296.834.8005x45444,New Erica,2025-04-05T08:39:43
152,Derek Smith,fhughes@example.net,812.784.1190x0297,Mackenziechester,2024-12-31T09:53:11
153,Ann Brown,lgarcia@example.net,831.885.0816x52102,North Albertburgh,2025-08-05T22:00:34
154,Leah Taylor,brian88@example.com,976-300-7135x91320,East Christopherton,2024-06-26T02:32:47
155,Stacie Rosario,zhenson@example.com,001-410-252-2883x544,West Gregory,2024-07-25T14:35:10
156,Cory King,floresmichelle@example.net,8496333414,Blanchardberg,2024-08-23T10:34:36
157,Doris Adams,rhonda81@example.com,817-559-4336,Chavezstad,2023-11-16T12:31:25
158,Dale Hutchinson,tstephens@example.net,(314)844-6164x4645,North Gabrielleside,2025-06-26T18:55:27
159,Matthew Walls,ellismichele@example.net,663.247.4995,New Kellyview,2025-04-06T15:25:18
160,Janet Levy,jeremy51@example.org,740-904-1033x58765,Lake Paulberg,2024-01-09T04:00:11
