product_id,product_name,category,price
1,Persistent didactic model,Toys,104.1
2,Reverse-engineered clear-thinking open system,Toys,207.99
3,Vision-oriented homogeneous algorithm,Outdoors,380.52
4,Implemented bottom-line model,Books,126.36
5,Total cohesive functionalities,Fashion,368.94
6,Up-sized optimizing pricing structure,Toys,210.86
7,Re-contextualized impactful solution,Home,309.75
8,Organized multimedia methodology,Toys,158.22
9,Mandatory 5thgeneration instruction set,Electronics,168.47
10,Future-proofed bottom-line projection,Books,367.02
11,Customizable value-added initiative,Books,107.16
12,Exclusive 24/7 secured line,Toys,365.21
13,Customizable modular function,Toys,416.59
14,Operative tangible neural-net,Home,78.44
15,Mandatory contextually-based functionalities,Electronics,434.39
16,Balanced optimizing support,Toys,386.49
17,Up-sized stable help-desk,Electronics,211.2
18,Robust zero-defect framework,Home,364.03
19,Assimilated directional help-desk,Beauty,382.59
20,Centralized zero tolerance Internet solution,Books,168.76
21,Re-engineered explicit focus group,Beauty,104.57
22,Optional mission-critical capability,Outdoors,210.12
23,Open-source eco-centric policy,Books,110.96
24,Switchable leadingedge flexibility,Home,206.45
25,Inverse homogeneous hub,Home,25.04
26,Compatible well-modulated toolset,Books,382.15
27,Optional discrete pricing structure,Outdoors,133.14
28,Focused maximized interface,Outdoors,163.02
29,Enhanced holistic firmware,Beauty,403.17
30,Reduced responsive monitoring,Fashion,308.77
31,Up-sized reciprocal artificial intelligence,Outdoors,426.41
32,Versatile dedicated initiative,Home,391.28
33,Triple-buffered intangible ability,Fashion,497.57
34,Cross-group coherent help-desk,Fashion,72.37
35,Progressive high-level framework,Books,249.2
36,Assimilated solution-oriented intranet,Fashion,315.91
37,Ameliorated secondary model,Fashion,196.7
38,Multi-channeled responsive info-mediaries,Toys,171.07
39,Enhanced responsive standardization,Beauty,499.59
40,Customizable 5thgeneration customer loyalty,Toys,431.31
41,Synchronized logistical open system,Books,349.32
42,Business-focused demand-driven utilization,Home,70.34
43,Reverse-engineered analyzing Local Area Network,Electronics,292.61
44,Visionary contextually-based moderator,Books,53.51
45,Front-line bandwidth-monitored superstructure,Home,91.0
46,Public-key even-keeled capability,Home,221.88
47,Inverse tertiary superstructure,Electronics,178.39
48,Persevering scalable projection,Fashion,101.85
49,Persevering hybrid extranet,Beauty,123.45
50,Assimilated web-enabled hierarchy,Beauty,302.84
51,Front-line composite capability,Beauty,264.23
52,Polarized transitional process improvement,Beauty,333.61
53,Streamlined 4thgeneration focus group,Electronics,104.46
54,Profound explicit approach,Fashion,154.18
55,Ameliorated multimedia application,Toys,72.2
56,Optional heuristic hardware,Outdoors,367.0
57,Streamlined bifurcated structure,Home,54.8
58,Exclusive needs-based secured line,Books,446.05
59,Robust impactful task-force,Outdoors,197.36
60,Multi-layered context-sensitive portal,Fashion,425.84
61,Re-engineered full-range function,Toys,180.53
62,Persevering needs-based definition,Electronics,446.25
63,Devolved maximized website,Toys,291.54
64,Implemented composite task-force,Toys,274.36
65,Adaptive uniform structure,Toys,361.63
66,Distributed bifurcated support,Home,41.32
67,Devolved grid-enabled productivity,Home,32.6
68,Re-engineered bi-directional data-warehouse,Home,472.87
69,Devolved grid-enabled interface,Outdoors,453.8
70,Proactive regional product,Outdoors,462.28
71,Synchronized composite instruction set,Beauty,91.01
72,Cross-platform system-worthy adapter,Toys,294.05
73,Organized transitional task-force,Electronics,86.71
74,Managed motivating emulation,Electronics,67.03
75,Organic solution-oriented leverage,Outdoors,406.64
76,Synergized disintermediate orchestration,Outdoors,283.03
77,Future-proofed 5thgeneration data-warehouse,Outdoors,317.6
78,User-centric discrete challenge,Home,58.44
79,Function-based impactful portal,Fashion,274.42
80,Sharable coherent neural-net,Fashion,5.23
81,Multi-lateral user-facing forecast,Electronics,19.32
82,Innovative attitude-oriented task-force,Books,56.38
83,Multi-tiered asynchronous installation,Outdoors,314.32
84,Multi-layered bifurcated initiative,Outdoors,368.44
85,Cross-group encompassing collaboration,Home,107.89
86,Function-based tertiary forecast,Beauty,233.18
87,Reactive 3rdgeneration open architecture,Toys,160.26
88,Streamlined exuding policy,Beauty,229.67
89,Networked high-level portal,Books,418.14
90,Ameliorated full-range implementation,Beauty,412.89
91,User-friendly neutral paradigm,Beauty,295.23
92,Visionary bandwidth-monitored standardization,Outdoors,432.54
93,Organic discrete approach,Home,353.0
94,Triple-buffered interactive info-mediaries,Beauty,84.39
95,Balanced static array,Home,102.48
96,Up-sized tertiary collaboration,Toys,181.56
97,Robust executive attitude,Fashion,12.37
98,Mandatory cohesive knowledge user,Books,338.98
99,Front-line impactful open architecture,Outdoors,115.36
100,User-centric system-worthy core,Electronics,212.51
101,Configurable leadingedge parallelism,Beauty,111.02
102,De-engineered national projection,Outdoors,279.5
103,Universal object-oriented attitude,Beauty,403.88
104,Reactive bandwidth-monitored portal,Outdoors,169.36
105,Reduced web-enabled collaboration,Fashion,173.29
106,Function-based 24hour framework,Home,334.72
107,Decentralized bi-directional contingency,Electronics,116.42
108,Re-contextualized secondary conglomeration,Books,414.13
109,Face-to-face actuating customer loyalty,Home,218.34
110,Fully-configurable grid-enabled Graphic Interface,Books,91.6
111,Vision-oriented optimizing help-desk,Fashion,172.38
112,Universal user-facing time-frame,Fashion,250.03
113,Face-to-face directional frame,Beauty,417.11
114,Polarized 3rdgeneration process improvement,Outdoors,472.45
115,User-friendly modular customer loyalty,Electronics,166.54
116,Team-oriented bottom-line flexibility,Electronics,386.28
117,Right-sized incremental matrices,Toys,184.89
118,Networked web-enabled moderator,Outdoors,477.86
119,Virtual stable protocol,Electronics,354.03
120,Customer-focused solution-oriented utilization,Electronics,331.52
121,Balanced encompassing matrix,Fashion,406.08
122,Organized dynamic productivity,Fashion,119.3
123,Expanded 24/7 project,Outdoors,273.99
